{
  "type": "assign",
  "value": null,
  "children": [
    {
      "type": "id",
      "value": "x",
      "children": []
    },
    {
      "type": "mult",
      "value": null,
      "children": [
        {
          "type": "sub",
          "value": null,
          "children": [
            {
              "type": "num",
              "value": 10,
              "children": []
            },
            {
              "type": "num",
              "value": 2,
              "children": []
            }
          ]
        },
        {
          "type": "num",
          "value": 3,
          "children": []
        }
      ]
    }
  ]
}